{"cameraMode":{"drawMode":0,"name":"Shaded","section":"Shading Mode"},"sceneLighting":true,"audioPlay":false,"sceneViewState":{"showFog":true,"showMaterialUpdate":false,"showSkybox":true,"showFlares":true,"showImageEffects":true,"showParticleSystems":true},"in2DMode":false,"pivot":{"x":0.771031379699707,"y":-1.4467124938964844,"z":-2.1062378883361818},"rotation":{"x":0.11496777087450028,"y":0.8819957971572876,"z":-0.359778493642807,"w":0.2818489670753479},"size":5.036258697509766,"orthographic":false}